attribution_tag,attribution_name,dimred_tag,dimred_name,paired_prompt_count,soft_suff_method_mean,soft_suff_baseline_mean,soft_suff_delta_mean,soft_suff_delta_median,soft_suff_p_value,soft_suff_positive_pairs,soft_suff_negative_pairs,soft_suff_nonzero_pairs,soft_suff_direction,soft_suff_test,soft_comp_method_mean,soft_comp_baseline_mean,soft_comp_delta_mean,soft_comp_delta_median,soft_comp_p_value,soft_comp_positive_pairs,soft_comp_negative_pairs,soft_comp_nonzero_pairs,soft_comp_direction,soft_comp_test,final_suff_method_mean,final_suff_baseline_mean,final_suff_delta_mean,final_suff_delta_median,final_suff_p_value,final_suff_positive_pairs,final_suff_negative_pairs,final_suff_nonzero_pairs,final_suff_direction,final_suff_test,final_comp_method_mean,final_comp_baseline_mean,final_comp_delta_mean,final_comp_delta_median,final_comp_p_value,final_comp_positive_pairs,final_comp_negative_pairs,final_comp_nonzero_pairs,final_comp_direction,final_comp_test
deeplift,deeplift,baseline,baseline,100,0.011319262125984468,0.011319262125984468,0.0,0.0,1.0,0,0,0,no_clear_difference,paired_sign_test,0.14444812173201751,0.14444812173201751,0.0,0.0,1.0,0,0,0,no_clear_difference,paired_sign_test,1.7072159867716876,1.7072159867716876,0.0,0.0,1.0,0,0,0,no_clear_difference,paired_sign_test,0.9617037937652961,0.9617037937652961,0.0,0.0,1.0,0,0,0,no_clear_difference,paired_sign_test
deeplift,deeplift,factor_analysis_n_components_1,factor_analysis,100,0.015609648977425545,0.011319262125984468,0.004290386851441078,0.0034830472295313566,3.2160015295666335e-05,71,29,100,better,paired_sign_test,0.28167868587221034,0.14444812173201751,0.13723056414019288,0.12734464021213998,2.630866896130179e-25,97,3,100,better,paired_sign_test,3.113227023957036,1.7072159867716876,1.4060110371853485,1.664842178953487,0.19334790449564246,57,43,100,no_clear_difference,paired_sign_test,1.649546717268745,0.9617037937652961,0.687842923503449,0.650118258869136,1.252324512538536e-22,95,5,100,better,paired_sign_test
deeplift,deeplift,factor_analysis_n_components_3,factor_analysis,100,0.01021919885535447,0.011319262125984468,-0.0011000632706299968,-0.00043942469796417376,0.7643534344026668,48,52,100,no_clear_difference,paired_sign_test,0.11067889762258122,0.14444812173201751,-0.03376922410943628,-0.025411339773955398,4.337366633421638e-09,21,79,100,worse,paired_sign_test,0.6968682619428952,1.7072159867716876,-1.0103477248287924,-0.7502351398119982,0.2712530240738347,44,56,100,no_clear_difference,paired_sign_test,0.8093952776991498,0.9617037937652961,-0.15230851606614626,-0.15055373538887226,7.850139645593671e-05,30,70,100,worse,paired_sign_test
deeplift,deeplift,factor_analysis_n_components_5,factor_analysis,100,0.009206840057516345,0.011319262125984468,-0.0021124220684681214,-0.0013317024843226295,0.012032975725363477,37,63,100,worse,paired_sign_test,0.08778209065942777,0.14444812173201751,-0.05666603107258975,-0.04228161174384051,3.208563668244003e-19,8,92,100,worse,paired_sign_test,0.34199243781295297,1.7072159867716876,-1.3652235489587343,-0.88709775069362,0.13321061920721333,42,58,100,no_clear_difference,paired_sign_test,0.6131280137149929,0.9617037937652961,-0.3485757800503033,-0.31662052225862614,3.208563668244003e-19,8,92,100,worse,paired_sign_test
deeplift,deeplift,ica_n_components_1,ica,100,0.014555752492475477,0.011319262125984468,0.0032364903664910075,0.002930408338378026,0.00018314322488235366,69,31,100,better,paired_sign_test,0.2193966367353351,0.14444812173201751,0.07494851500331758,0.06968364074755974,4.825421503937196e-13,85,15,100,better,paired_sign_test,3.1275731366139934,1.7072159867716876,1.4203571498423058,0.9797275263233964,0.08862608011406758,59,41,100,no_clear_difference,paired_sign_test,1.3698292346371892,0.9617037937652961,0.4081254408718934,0.35712348970827595,2.5408533354923057e-16,89,11,100,better,paired_sign_test
deeplift,deeplift,ica_n_components_3,ica,100,0.009817565099412782,0.011319262125984468,-0.0015016970265716834,-0.0006177419052820596,0.3682016173266962,45,55,100,no_clear_difference,paired_sign_test,0.10167377552762023,0.14444812173201751,-0.04277434620439728,-0.029544725724198473,6.147806615047977e-11,18,82,100,worse,paired_sign_test,0.945133033938447,1.7072159867716876,-0.7620829528332408,-0.03157850026097808,1.0,50,50,100,no_clear_difference,paired_sign_test,0.751215030267423,0.9617037937652961,-0.210488763497873,-0.1983150552716007,1.590532847378614e-08,22,78,100,worse,paired_sign_test
deeplift,deeplift,ica_n_components_5,ica,100,0.008799661585756803,0.011319262125984468,-0.002519600540227665,-0.0019286378301458958,0.0004087771674268152,32,68,100,worse,paired_sign_test,0.08646175202168965,0.14444812173201751,-0.05798636971032782,-0.04774308575156581,2.005959521923613e-21,6,94,100,worse,paired_sign_test,-0.10425323085999372,1.7072159867716876,-1.8114692176316813,-2.3692670441514734,0.03520020021770481,39,61,100,worse,paired_sign_test,0.604713087015404,0.9617037937652961,-0.35699070674989225,-0.35201307489942735,2.5408533354923057e-16,11,89,100,worse,paired_sign_test
deeplift,deeplift,kernel_pca_n_components_1,kernel_pca,100,0.014782296833737435,0.011319262125984468,0.0034630347077529667,0.0026329585291783534,4.69241261264223e-06,73,27,100,better,paired_sign_test,0.22915863570605835,0.14444812173201751,0.08471051397404088,0.0790205951312523,1.3097998650070218e-11,83,17,100,better,paired_sign_test,3.176965290643202,1.7072159867716876,1.4697493038715153,1.8871955016724287,0.056887933640980784,60,40,100,no_clear_difference,paired_sign_test,1.3936343628924217,0.9617037937652961,0.43193056912712535,0.41525702174510287,8.284451872080076e-14,86,14,100,better,paired_sign_test
deeplift,deeplift,kernel_pca_n_components_3,kernel_pca,100,0.011909614669990534,0.011319262125984468,0.0005903525440060676,0.0007535528488940889,0.13321061920721333,58,42,100,no_clear_difference,paired_sign_test,0.1449940363120782,0.14444812173201751,0.0005459145800606551,-0.002024561536522182,0.48411841360729146,46,54,100,no_clear_difference,paired_sign_test,2.288113466748337,1.7072159867716876,0.5808974799766498,0.34386604887318584,0.48411841360729146,54,46,100,no_clear_difference,paired_sign_test,1.017636527407425,0.9617037937652961,0.055932733642129036,0.03546020585296272,0.2712530240738347,56,44,100,no_clear_difference,paired_sign_test
deeplift,deeplift,kernel_pca_n_components_5,kernel_pca,100,0.011290992738052529,0.011319262125984468,-2.826938793193858e-05,-0.00033849684306851884,0.3682016173266962,45,55,100,no_clear_difference,paired_sign_test,0.13288043373636527,0.14444812173201751,-0.01156768799565222,-0.00923059708092238,0.056887933640980784,40,60,100,no_clear_difference,paired_sign_test,1.842924493775737,1.7072159867716876,0.13570850700404954,0.08337268338818554,0.7643534344026668,52,48,100,no_clear_difference,paired_sign_test,0.9124267197777381,0.9617037937652961,-0.04927707398755809,-0.0231520807011385,0.7643534344026668,48,52,100,no_clear_difference,paired_sign_test
deeplift,deeplift,nmf_n_components_1,nmf,100,0.016716189026697775,0.011319262125984468,0.005396926900713307,0.0035413307599827045,1.8100026213029256e-07,76,24,100,better,paired_sign_test,0.21966706613017478,0.14444812173201751,0.07521894439815728,0.0653719645481663,3.322048979453653e-18,91,9,100,better,paired_sign_test,2.8966435668373207,1.7072159867716876,1.1894275800656333,1.4823494002889306,0.19334790449564246,57,43,100,no_clear_difference,paired_sign_test,1.3542644126783225,0.9617037937652961,0.39256061891302635,0.37332511083074893,1.3129815522035853e-14,87,13,100,better,paired_sign_test
deeplift,deeplift,nmf_n_components_3,nmf,100,0.010991517291261467,0.011319262125984468,-0.0003277448347229982,0.0004571047373218961,0.9204107626128213,51,49,100,no_clear_difference,paired_sign_test,0.1345671304857439,0.14444812173201751,-0.00988099124627361,-0.005388523363683451,0.13321061920721333,42,58,100,no_clear_difference,paired_sign_test,2.0650673785101956,1.7072159867716876,0.3578513917385082,0.3490347603107711,0.3682016173266962,55,45,100,no_clear_difference,paired_sign_test,0.9707935236357054,0.9617037937652961,0.009089729870409218,-0.0035529628266102176,0.9204107626128213,49,51,100,no_clear_difference,paired_sign_test
deeplift,deeplift,nmf_n_components_5,nmf,100,0.009957464310463973,0.011319262125984468,-0.0013617978155204943,-0.0006340255925167768,0.48411841360729146,46,54,100,no_clear_difference,paired_sign_test,0.11020616562200798,0.14444812173201751,-0.03424195611000954,-0.02532404102232618,1.3097998650070218e-11,17,83,100,worse,paired_sign_test,0.6090609110755332,1.7072159867716876,-1.0981550756961544,-0.8716015249673321,0.13321061920721333,42,58,100,no_clear_difference,paired_sign_test,0.8143638623240108,0.9617037937652961,-0.14733993144128513,-0.1427136136385913,5.636282034205403e-07,25,75,100,worse,paired_sign_test
deeplift,deeplift,pca_n_components_1,pca,100,0.015383026008509992,0.011319262125984468,0.0040637638825255255,0.0040801012912466085,3.2160015295666335e-05,71,29,100,better,paired_sign_test,0.2174597128252915,0.14444812173201751,0.07301159109327401,0.06175199884618543,1.3097998650070218e-11,83,17,100,better,paired_sign_test,3.5702560977878397,1.7072159867716876,1.8630401110161516,2.287707763021791,0.020978735677851718,62,38,100,better,paired_sign_test,1.3316185447502562,0.9617037937652961,0.3699147509849599,0.3575194191143377,6.147806615047977e-11,82,18,100,better,paired_sign_test
deeplift,deeplift,pca_n_components_3,pca,100,0.01172337786584502,0.011319262125984468,0.0004041157398605545,0.00012827933127568638,1.0,50,50,100,no_clear_difference,paired_sign_test,0.14239827896388818,0.14444812173201751,-0.0020498427681293102,-0.001038668683803777,1.0,50,50,100,no_clear_difference,paired_sign_test,1.5918353745480676,1.7072159867716876,-0.11538061222362035,-0.17507437069894058,0.617299413589252,47,53,100,no_clear_difference,paired_sign_test,1.0214194021082945,0.9617037937652961,0.059715608342998466,0.03884382483538945,0.2712530240738347,56,44,100,no_clear_difference,paired_sign_test
deeplift,deeplift,pca_n_components_5,pca,100,0.011451942507311914,0.011319262125984468,0.00013268038132744755,-0.0003445872077962953,0.9204107626128213,49,51,100,no_clear_difference,paired_sign_test,0.1303994982988749,0.14444812173201751,-0.0140486234331426,-0.009370476794858931,0.03520020021770481,39,61,100,worse,paired_sign_test,1.860823042681659,1.7072159867716876,0.15360705590997162,0.04952244768077496,0.617299413589252,53,47,100,no_clear_difference,paired_sign_test,0.9422618023599361,0.9617037937652961,-0.019441991405360223,0.01563423259232366,0.9204107626128213,51,49,100,no_clear_difference,paired_sign_test
gradient_shap,gradient_shap,baseline,baseline,100,0.010541135419708336,0.010541135419708336,0.0,0.0,1.0,0,0,0,no_clear_difference,paired_sign_test,0.13295111180058444,0.13295111180058444,0.0,0.0,1.0,0,0,0,no_clear_difference,paired_sign_test,1.7055094831616535,1.7055094831616535,0.0,0.0,1.0,0,0,0,no_clear_difference,paired_sign_test,0.8865982595628756,0.8865982595628756,0.0,0.0,1.0,0,0,0,no_clear_difference,paired_sign_test
gradient_shap,gradient_shap,factor_analysis_n_components_1,factor_analysis,100,0.017265167896544184,0.010541135419708336,0.006724032476835848,0.0061239563569151605,4.337366633421638e-09,79,21,100,better,paired_sign_test,0.275805775234206,0.13295111180058444,0.14285466343362158,0.13662543654789586,1.252324512538536e-22,95,5,100,better,paired_sign_test,3.75703750117691,1.7055094831616535,2.0515280180152575,1.9782007457669835,0.0004087771674268152,68,32,100,better,paired_sign_test,1.4545072148912075,0.8865982595628756,0.5679089553283317,0.6415267363488748,3.322048979453653e-18,91,9,100,better,paired_sign_test
gradient_shap,gradient_shap,factor_analysis_n_components_3,factor_analysis,100,0.009777314887005941,0.010541135419708336,-0.0007638205327023953,-0.0011875519298782805,0.13321061920721333,42,58,100,no_clear_difference,paired_sign_test,0.10105953347090481,0.13295111180058444,-0.031891578329679635,-0.019099933099894904,1.590532847378614e-08,22,78,100,worse,paired_sign_test,1.0885027408657482,1.7055094831616535,-0.617006742295905,-0.6439556492426528,0.2712530240738347,44,56,100,no_clear_difference,paired_sign_test,0.6277892105879307,0.8865982595628756,-0.25880904897494494,-0.11656113706876287,1.2579150016678854e-05,28,72,100,worse,paired_sign_test
gradient_shap,gradient_shap,factor_analysis_n_components_5,factor_analysis,100,0.008637285895633388,0.010541135419708336,-0.0019038495240749514,-0.0021421580160734836,0.0004087771674268152,32,68,100,worse,paired_sign_test,0.08519692657193759,0.13295111180058444,-0.04775418522864687,-0.02851306385809489,3.063290175437985e-17,10,90,100,worse,paired_sign_test,0.2924169860196797,1.7055094831616535,-1.4130924971419734,-1.8880444963313037,0.056887933640980784,40,60,100,no_clear_difference,paired_sign_test,0.4382523231019595,0.8865982595628756,-0.44834593646091625,-0.34155670675161576,1.3129815522035853e-14,13,87,100,worse,paired_sign_test
gradient_shap,gradient_shap,ica_n_components_1,ica,100,0.014916392906694657,0.010541135419708336,0.004375257486986323,0.003861674287816558,7.850139645593671e-05,70,30,100,better,paired_sign_test,0.2308412237782629,0.13295111180058444,0.09789011197767847,0.09374963592535646,3.063290175437985e-17,90,10,100,better,paired_sign_test,3.306765426034437,1.7055094831616535,1.6012559428727837,0.956091162785421,0.056887933640980784,60,40,100,no_clear_difference,paired_sign_test,1.390210192600619,0.8865982595628756,0.5036119330377434,0.4625457651260071,3.322048979453653e-18,91,9,100,better,paired_sign_test
gradient_shap,gradient_shap,ica_n_components_3,ica,100,0.010039500051680894,0.010541135419708336,-0.0005016353680274432,-0.0011187078099910448,0.2712530240738347,44,56,100,no_clear_difference,paired_sign_test,0.09942203204947171,0.13295111180058444,-0.033529079751112724,-0.02497828605066911,4.337366633421638e-09,21,79,100,worse,paired_sign_test,0.5851735332534636,1.7055094831616535,-1.1203359499081897,-1.8402971835933577,0.08862608011406758,41,59,100,no_clear_difference,paired_sign_test,0.725637296929905,0.8865982595628756,-0.16096096263297074,-0.17027285824582927,4.69241261264223e-06,27,73,100,worse,paired_sign_test
gradient_shap,gradient_shap,ica_n_components_5,ica,100,0.008789331627864177,0.010541135419708336,-0.0017518037918441618,-0.001628133300415801,0.08862608011406758,41,59,100,no_clear_difference,paired_sign_test,0.08387612676557878,0.13295111180058444,-0.04907498503500566,-0.03610121942498959,3.322048979453653e-18,9,91,100,worse,paired_sign_test,0.8612421784599401,1.7055094831616535,-0.8442673047017131,-0.8852621475559184,0.2712530240738347,44,56,100,no_clear_difference,paired_sign_test,0.5586734642059367,0.8865982595628756,-0.327924795356939,-0.3041921346927605,2.6059358186561008e-12,16,84,100,worse,paired_sign_test
gradient_shap,gradient_shap,kernel_pca_n_components_1,kernel_pca,100,0.01610783445812207,0.010541135419708336,0.00556669903841373,0.0038694588265180572,3.2160015295666335e-05,71,29,100,better,paired_sign_test,0.2326822646033636,0.13295111180058444,0.09973115280277915,0.1002979385582276,2.726143732806038e-20,93,7,100,better,paired_sign_test,2.716029310258457,1.7055094831616535,1.0105198270968039,0.04925385277707228,0.7643534344026668,52,48,100,no_clear_difference,paired_sign_test,1.374510709749995,0.8865982595628756,0.4879124501871191,0.482106517348514,3.063290175437985e-17,90,10,100,better,paired_sign_test
gradient_shap,gradient_shap,kernel_pca_n_components_3,kernel_pca,100,0.012067507125599217,0.010541135419708336,0.0015263717058908797,0.0015486493696769748,0.012032975725363477,63,37,100,better,paired_sign_test,0.13487925317152832,0.13295111180058444,0.001928141370943888,0.007790279412883454,0.012032975725363477,63,37,100,better,paired_sign_test,1.9362833183593973,1.7055094831616535,0.2307738351977443,0.25206649934165715,0.9204107626128213,51,49,100,no_clear_difference,paired_sign_test,0.9636106134310348,0.8865982595628756,0.07701235386815901,0.07858548472648108,0.03520020021770481,61,39,100,better,paired_sign_test
gradient_shap,gradient_shap,kernel_pca_n_components_5,kernel_pca,100,0.011075212644666687,0.010541135419708336,0.0005340772249583483,0.0004927923565672307,0.7643534344026668,52,48,100,no_clear_difference,paired_sign_test,0.11830745363896077,0.13295111180058444,-0.014643658161623692,-0.005844564209430088,0.020978735677851718,38,62,100,worse,paired_sign_test,1.654659401820331,1.7055094831616535,-0.050850081341322254,-0.0411010508642593,0.9204107626128213,49,51,100,no_clear_difference,paired_sign_test,0.8464083226002945,0.8865982595628756,-0.04018993696258113,-0.043319841099962675,0.03520020021770481,39,61,100,worse,paired_sign_test
gradient_shap,gradient_shap,nmf_n_components_1,nmf,100,0.01556487457089919,0.010541135419708336,0.0050237391511908525,0.00349388504394927,0.00018314322488235366,69,31,100,better,paired_sign_test,0.21007617620313015,0.13295111180058444,0.07712506440254573,0.06944847447841695,2.726143732806038e-20,93,7,100,better,paired_sign_test,2.8984133660426146,1.7055094831616535,1.1929038828809615,1.965687377456773,0.020978735677851718,62,38,100,better,paired_sign_test,1.24568553674884,0.8865982595628756,0.3590872771859642,0.33735733491891295,3.322048979453653e-18,91,9,100,better,paired_sign_test
gradient_shap,gradient_shap,nmf_n_components_3,nmf,100,0.011392036594466994,0.010541135419708336,0.0008509011747586547,0.0003060324692056144,0.7643534344026668,52,48,100,no_clear_difference,paired_sign_test,0.11756310179484553,0.13295111180058444,-0.015388010005738917,-0.009135034672939212,0.08862608011406758,41,59,100,no_clear_difference,paired_sign_test,2.2242611032210937,1.7055094831616535,0.5187516200594405,-0.5801659623219071,0.9204107626128213,49,51,100,no_clear_difference,paired_sign_test,0.8368437725099994,0.8865982595628756,-0.04975448705287624,-0.05009088780738341,0.056887933640980784,40,60,100,no_clear_difference,paired_sign_test
gradient_shap,gradient_shap,nmf_n_components_5,nmf,100,0.009527990986406429,0.010541135419708336,-0.0010131444333019086,-0.0008140856785890729,0.2712530240738347,44,56,100,no_clear_difference,paired_sign_test,0.09935614357079865,0.13295111180058444,-0.033594968229785784,-0.02203191163643068,2.7027625220487884e-10,19,81,100,worse,paired_sign_test,-0.38943240508184707,1.7055094831616535,-2.0949418882435005,-2.255244793959118,0.0008737198369123723,33,67,100,worse,paired_sign_test,0.7227789171856659,0.8865982595628756,-0.16381934237720963,-0.19266320667900833,1.8100026213029256e-07,24,76,100,worse,paired_sign_test
gradient_shap,gradient_shap,pca_n_components_1,pca,100,0.01489198842306525,0.010541135419708336,0.004350853003356913,0.0030843465035799785,0.0004087771674268152,68,32,100,better,paired_sign_test,0.2285151304869877,0.13295111180058444,0.09556401868640321,0.09028739713992978,2.005959521923613e-21,94,6,100,better,paired_sign_test,2.975768823137528,1.7055094831616535,1.2702593399758748,0.4702562316431894,0.617299413589252,53,47,100,no_clear_difference,paired_sign_test,1.3941847361057755,0.8865982595628756,0.5075864765428999,0.482247604304634,1.252324512538536e-22,95,5,100,better,paired_sign_test
gradient_shap,gradient_shap,pca_n_components_3,pca,100,0.010915987585545595,0.010541135419708336,0.00037485216583725886,0.00042668381206634014,0.9204107626128213,51,49,100,no_clear_difference,paired_sign_test,0.1382694331408215,0.13295111180058444,0.005318321340237056,0.009650838452045396,0.020978735677851718,62,38,100,better,paired_sign_test,1.5881991605263925,1.7055094831616535,-0.11731032263526037,-0.04312006617022823,0.9204107626128213,49,51,100,no_clear_difference,paired_sign_test,0.9699917909167962,0.8865982595628756,0.08339353135392077,0.09777630385072611,0.08862608011406758,59,41,100,no_clear_difference,paired_sign_test
gradient_shap,gradient_shap,pca_n_components_5,pca,100,0.010603137505154302,0.010541135419708336,6.200208544596733e-05,0.00016648090115279918,0.9204107626128213,51,49,100,no_clear_difference,paired_sign_test,0.1279422045166898,0.13295111180058444,-0.005008907283894647,-0.0005205294750951078,0.9204107626128213,49,51,100,no_clear_difference,paired_sign_test,2.0393665465273396,1.7055094831616535,0.33385706336568644,-0.2450444848290405,0.7643534344026668,48,52,100,no_clear_difference,paired_sign_test,0.8474686645096468,0.8865982595628756,-0.039129595053228765,-0.0453885220058412,0.19334790449564246,43,57,100,no_clear_difference,paired_sign_test
input_x_gradient,input_x_gradient,baseline,baseline,100,0.011476763070341551,0.011476763070341551,0.0,0.0,1.0,0,0,0,no_clear_difference,paired_sign_test,0.14107376612208078,0.14107376612208078,0.0,0.0,1.0,0,0,0,no_clear_difference,paired_sign_test,2.060439568237322,2.060439568237322,0.0,0.0,1.0,0,0,0,no_clear_difference,paired_sign_test,0.9618049583276554,0.9618049583276554,0.0,0.0,1.0,0,0,0,no_clear_difference,paired_sign_test
input_x_gradient,input_x_gradient,factor_analysis_n_components_1,factor_analysis,100,0.018931352745352018,0.011476763070341551,0.00745458967501046,0.006567203560003243,5.636282034205403e-07,75,25,100,better,paired_sign_test,0.29712502341642166,0.14107376612208078,0.15605125729434086,0.1550333867546514,1.252324512538536e-22,95,5,100,better,paired_sign_test,4.005604160963554,2.060439568237322,1.9451645927262324,1.7899934542886236,0.0008737198369123723,67,33,100,better,paired_sign_test,1.6817355045665794,0.9618049583276554,0.7199305462389242,0.7655608655926481,1.252324512538536e-22,95,5,100,better,paired_sign_test
input_x_gradient,input_x_gradient,factor_analysis_n_components_3,factor_analysis,100,0.009651729169430811,0.011476763070341551,-0.0018250339009107408,-0.0008102609574762339,0.13321061920721333,42,58,100,no_clear_difference,paired_sign_test,0.11245706349444501,0.14107376612208078,-0.028616702627635764,-0.021716005137620384,1.2579150016678854e-05,28,72,100,worse,paired_sign_test,1.3509316994610427,2.060439568237322,-0.709507868776279,-0.6453968097737426,0.3682016173266962,45,55,100,no_clear_difference,paired_sign_test,0.8441201476314126,0.9618049583276554,-0.11768481069624309,-0.13045296169852788,0.020978735677851718,38,62,100,worse,paired_sign_test
input_x_gradient,input_x_gradient,factor_analysis_n_components_5,factor_analysis,100,0.008772232284350279,0.011476763070341551,-0.002704530785991273,-0.0014991438794420661,0.020978735677851718,38,62,100,worse,paired_sign_test,0.0898799291846346,0.14107376612208078,-0.05119383693744615,-0.04175495549294046,3.322048979453653e-18,9,91,100,worse,paired_sign_test,0.6931587560106429,2.060439568237322,-1.3672808122266789,-1.593170775352612,0.020978735677851718,38,62,100,worse,paired_sign_test,0.6380541753073227,0.9618049583276554,-0.3237507830203328,-0.3063415002346795,3.322048979453653e-18,9,91,100,worse,paired_sign_test
input_x_gradient,input_x_gradient,ica_n_components_1,ica,100,0.016451917885273747,0.011476763070341551,0.004975154814932195,0.003449387955895964,0.0004087771674268152,68,32,100,better,paired_sign_test,0.24424742384019452,0.14107376612208078,0.10317365771811371,0.09466943676872866,2.630866896130179e-25,97,3,100,better,paired_sign_test,3.5791355120542256,2.060439568237322,1.5186959438169032,1.9679209013989882,0.0035176417229701583,65,35,100,better,paired_sign_test,1.464752348780748,0.9618049583276554,0.5029473904530923,0.494594942651459,3.208563668244003e-19,92,8,100,better,paired_sign_test
input_x_gradient,input_x_gradient,ica_n_components_3,ica,100,0.009165513537840196,0.011476763070341551,-0.0023112495325013547,-0.0013618004061777588,0.020978735677851718,38,62,100,worse,paired_sign_test,0.1079582523319054,0.14107376612208078,-0.03311551379017538,-0.023371709536127938,4.337366633421638e-09,21,79,100,worse,paired_sign_test,0.5937750208272398,2.060439568237322,-1.4666645474100821,-0.8161921646825891,0.13321061920721333,42,58,100,no_clear_difference,paired_sign_test,0.7985564260568135,0.9618049583276554,-0.16324853227084188,-0.20692295118147597,7.850139645593671e-05,30,70,100,worse,paired_sign_test
input_x_gradient,input_x_gradient,ica_n_components_5,ica,100,0.009375072482573537,0.011476763070341551,-0.0021016905877680146,-0.0017848477000513853,0.03520020021770481,39,61,100,worse,paired_sign_test,0.08651999271577371,0.14107376612208078,-0.05455377340630705,-0.04215480109808318,3.322048979453653e-18,9,91,100,worse,paired_sign_test,0.530901279867634,2.060439568237322,-1.5295382883696873,-1.9125776770072507,0.0008737198369123723,33,67,100,worse,paired_sign_test,0.6230317609947317,0.9618049583276554,-0.3387731973329239,-0.3122249226162325,3.322048979453653e-18,9,91,100,worse,paired_sign_test
input_x_gradient,input_x_gradient,kernel_pca_n_components_1,kernel_pca,100,0.015383844518716725,0.011476763070341551,0.0039070814483751735,0.0040843522431097505,0.0008737198369123723,67,33,100,better,paired_sign_test,0.24123505413349797,0.14107376612208078,0.1001612880114172,0.0959461866262935,3.322048979453653e-18,91,9,100,better,paired_sign_test,2.718296271750758,2.060439568237322,0.6578567035134365,0.8675877605664307,0.13321061920721333,58,42,100,no_clear_difference,paired_sign_test,1.4339144037553533,0.9618049583276554,0.4721094454276979,0.4427595473355156,8.284451872080076e-14,86,14,100,better,paired_sign_test
input_x_gradient,input_x_gradient,kernel_pca_n_components_3,kernel_pca,100,0.011362536184372463,0.011476763070341551,-0.00011422688596908793,3.119413537964197e-05,1.0,50,50,100,no_clear_difference,paired_sign_test,0.14243074041650314,0.14107376612208078,0.001356974294422373,0.0038481293565210094,0.48411841360729146,54,46,100,no_clear_difference,paired_sign_test,2.340270219329518,2.060439568237322,0.2798306510921965,0.2827117855036265,0.3682016173266962,55,45,100,no_clear_difference,paired_sign_test,1.001423226657137,0.9618049583276554,0.03961826832948161,0.02938243254502132,0.3682016173266962,55,45,100,no_clear_difference,paired_sign_test
input_x_gradient,input_x_gradient,kernel_pca_n_components_5,kernel_pca,100,0.010941235008522556,0.011476763070341551,-0.0005355280618189949,0.0002644574430404525,0.9204107626128213,51,49,100,no_clear_difference,paired_sign_test,0.13185873679007737,0.14107376612208078,-0.009215029332003416,-0.009476707494574518,0.056887933640980784,40,60,100,no_clear_difference,paired_sign_test,2.6088042101991893,2.060439568237322,0.548364641961867,0.713787598809853,0.13321061920721333,58,42,100,no_clear_difference,paired_sign_test,0.9335532791573317,0.9618049583276554,-0.028251679170323573,-0.032476670731689,0.19334790449564246,43,57,100,no_clear_difference,paired_sign_test
input_x_gradient,input_x_gradient,nmf_n_components_1,nmf,100,0.017199665094641704,0.011476763070341551,0.005722902024300155,0.0037527879773371427,5.636282034205403e-07,75,25,100,better,paired_sign_test,0.24513663939911914,0.14107376612208078,0.10406287327703838,0.09088982051289576,2.005959521923613e-21,94,6,100,better,paired_sign_test,3.2970857923173282,2.060439568237322,1.2366462240800058,1.1349743768161116,0.056887933640980784,60,40,100,no_clear_difference,paired_sign_test,1.4394168560340794,0.9618049583276554,0.47761189770642337,0.47656070488268965,3.208563668244003e-19,92,8,100,better,paired_sign_test
input_x_gradient,input_x_gradient,nmf_n_components_3,nmf,100,0.011994487988482601,0.011476763070341551,0.0005177249181410509,0.0010515556133691723,0.3682016173266962,55,45,100,no_clear_difference,paired_sign_test,0.13103041259514328,0.14107376612208078,-0.010043353526937481,-0.007089788193383975,0.2712530240738347,44,56,100,no_clear_difference,paired_sign_test,2.320318354241658,2.060439568237322,0.2598787860043357,0.10720149955201519,1.0,50,50,100,no_clear_difference,paired_sign_test,0.9665549937483802,0.9618049583276554,0.0047500354207245235,0.014448633918321074,0.9204107626128213,51,49,100,no_clear_difference,paired_sign_test
input_x_gradient,input_x_gradient,nmf_n_components_5,nmf,100,0.009308781764950851,0.011476763070341551,-0.0021679813053906987,-0.0011776118452009638,0.056887933640980784,40,60,100,no_clear_difference,paired_sign_test,0.10676485544239682,0.14107376612208078,-0.03430891067968395,-0.02675206463472745,1.1159089057251951e-09,20,80,100,worse,paired_sign_test,0.5245703609967075,2.060439568237322,-1.5358692072406146,-1.4929828839953199,0.006637120515926126,36,64,100,worse,paired_sign_test,0.8092081090081361,0.9618049583276554,-0.15259684931951928,-0.12941710811936225,1.8100026213029256e-07,24,76,100,worse,paired_sign_test
input_x_gradient,input_x_gradient,pca_n_components_1,pca,100,0.016343504213506978,0.011476763070341551,0.004866741143165429,0.003218936468914484,0.0004087771674268152,68,32,100,better,paired_sign_test,0.24120856210063338,0.14107376612208078,0.10013479597855261,0.084561570898286,3.322048979453653e-18,91,9,100,better,paired_sign_test,3.0592954745955643,2.060439568237322,0.9988559063582424,0.5281047799126746,0.19334790449564246,57,43,100,no_clear_difference,paired_sign_test,1.421999632874379,0.9618049583276554,0.46019467454672375,0.4375449408940412,2.5408533354923057e-16,89,11,100,better,paired_sign_test
input_x_gradient,input_x_gradient,pca_n_components_3,pca,100,0.011639255706430127,0.011476763070341551,0.00016249263608857556,0.0010183957371994613,0.2712530240738347,56,44,100,no_clear_difference,paired_sign_test,0.147736867166497,0.14107376612208078,0.00666310104441623,0.009410023809985357,0.2712530240738347,56,44,100,no_clear_difference,paired_sign_test,1.8014157821091499,2.060439568237322,-0.25902378612817195,-0.2989818622527811,0.19334790449564246,43,57,100,no_clear_difference,paired_sign_test,1.0522736052847106,0.9618049583276554,0.09046864695705491,0.08064034085379435,0.08862608011406758,59,41,100,no_clear_difference,paired_sign_test
input_x_gradient,input_x_gradient,pca_n_components_5,pca,100,0.011273432062233085,0.011476763070341551,-0.00020333100810846774,2.8871051533361537e-05,1.0,50,50,100,no_clear_difference,paired_sign_test,0.130961317239752,0.14107376612208078,-0.0101124488823288,-0.00681705694297647,0.006637120515926126,36,64,100,worse,paired_sign_test,2.183115945284154,2.060439568237322,0.12267637704683264,0.13984483941299353,0.7643534344026668,52,48,100,no_clear_difference,paired_sign_test,0.937383535893735,0.9618049583276554,-0.02442142243392054,-0.019846617916587483,0.9204107626128213,49,51,100,no_clear_difference,paired_sign_test
lxt,lxt,baseline,baseline,100,0.01280356381259955,0.01280356381259955,0.0,0.0,1.0,0,0,0,no_clear_difference,paired_sign_test,0.17270123186927003,0.17270123186927003,0.0,0.0,1.0,0,0,0,no_clear_difference,paired_sign_test,2.4640001102897267,2.4640001102897267,0.0,0.0,1.0,0,0,0,no_clear_difference,paired_sign_test,1.1982124334028346,1.1982124334028346,0.0,0.0,1.0,0,0,0,no_clear_difference,paired_sign_test
lxt,lxt,factor_analysis_n_components_1,factor_analysis,100,0.0209101211464929,0.01280356381259955,0.008106557333893346,0.006914996137173692,6.147806615047977e-11,82,18,100,better,paired_sign_test,0.3617183021068096,0.17270123186927003,0.18901707023753947,0.17715430246911598,1.5934990285464438e-28,99,1,100,better,paired_sign_test,5.195805630739965,2.4640001102897267,2.7318055204502385,2.8538008063634805,0.0004087771674268152,68,32,100,better,paired_sign_test,1.9575874238289819,1.1982124334028346,0.7593749904261474,0.7533193790253597,7.969072864542661e-27,98,2,100,better,paired_sign_test
lxt,lxt,factor_analysis_n_components_3,factor_analysis,100,0.009948224433100724,0.01280356381259955,-0.002855339379498827,-0.001743906928431082,0.0004087771674268152,32,68,100,worse,paired_sign_test,0.1053389305892061,0.17270123186927003,-0.067362301280064,-0.06304549321384484,2.726143732806038e-20,7,93,100,worse,paired_sign_test,1.222284574749605,2.4640001102897267,-1.2417155355401217,-0.3736549182373572,0.2712530240738347,44,56,100,no_clear_difference,paired_sign_test,0.7900580019222971,1.1982124334028346,-0.40815443148053754,-0.40100766249263126,3.063290175437985e-17,10,90,100,worse,paired_sign_test
lxt,lxt,factor_analysis_n_components_5,factor_analysis,100,0.009482329513749742,0.01280356381259955,-0.0033212342988498083,-0.0022741472162351372,3.2160015295666335e-05,29,71,100,worse,paired_sign_test,0.0907137525884298,0.17270123186927003,-0.08198747928084028,-0.07686615533011452,2.630866896130179e-25,3,97,100,worse,paired_sign_test,0.5909895292052358,2.4640001102897267,-1.873010581084491,-1.1870537814143258,0.020978735677851718,38,62,100,worse,paired_sign_test,0.6270949803260941,1.1982124334028346,-0.5711174530767404,-0.5813557945498231,6.449688895763542e-24,4,96,100,worse,paired_sign_test
lxt,lxt,ica_n_components_1,ica,100,0.01838408619505828,0.01280356381259955,0.005580522382458728,0.0040899258249422555,5.5135807758500534e-08,77,23,100,better,paired_sign_test,0.2863364896811781,0.17270123186927003,0.11363525781190803,0.10686629319393437,3.208563668244003e-19,92,8,100,better,paired_sign_test,4.703491143435601,2.4640001102897267,2.2394910331458737,2.684339253072653,7.850139645593671e-05,70,30,100,better,paired_sign_test,1.638502910616433,1.1982124334028346,0.44029047721359854,0.4340262483461051,3.063290175437985e-17,90,10,100,better,paired_sign_test
lxt,lxt,ica_n_components_3,ica,100,0.010204517438059174,0.01280356381259955,-0.0025990463745403764,-0.0015464716057933389,0.0004087771674268152,32,68,100,worse,paired_sign_test,0.099661169746007,0.17270123186927003,-0.07304006212326311,-0.07284538278710848,2.005959521923613e-21,6,94,100,worse,paired_sign_test,1.4550933449898653,2.4640001102897267,-1.0089067652998613,-0.49903981511859685,0.08862608011406758,41,59,100,no_clear_difference,paired_sign_test,0.7242747711275034,1.1982124334028346,-0.4739376622753311,-0.4618691385706708,3.208563668244003e-19,8,92,100,worse,paired_sign_test
lxt,lxt,ica_n_components_5,ica,100,0.008801193692089142,0.01280356381259955,-0.004002370120510407,-0.0027701772380447683,3.2160015295666335e-05,29,71,100,worse,paired_sign_test,0.08563447185639854,0.17270123186927003,-0.08706676001287157,-0.08082953918034941,2.630866896130179e-25,3,97,100,worse,paired_sign_test,0.38552793039312133,2.4640001102897267,-2.0784721798966053,-2.262832091494392,0.012032975725363477,37,63,100,worse,paired_sign_test,0.5858058013314755,1.1982124334028346,-0.612406632071359,-0.6365216122667434,6.449688895763542e-24,4,96,100,worse,paired_sign_test
lxt,lxt,kernel_pca_n_components_1,kernel_pca,100,0.01790343466958488,0.01280356381259955,0.00509987085698533,0.0036148332906407034,1.8100026213029256e-07,76,24,100,better,paired_sign_test,0.2961596618175507,0.17270123186927003,0.12345842994828062,0.12053560612165533,2.726143732806038e-20,93,7,100,better,paired_sign_test,4.278738830064026,2.4640001102897267,1.8147387197742995,2.125856718364223,0.0004087771674268152,68,32,100,better,paired_sign_test,1.7291159974742676,1.1982124334028346,0.530903564071433,0.5267827951398728,3.322048979453653e-18,91,9,100,better,paired_sign_test
lxt,lxt,kernel_pca_n_components_3,kernel_pca,100,0.011910337288543443,0.01280356381259955,-0.0008932265240561049,-0.0012389636521049812,0.2712530240738347,44,56,100,no_clear_difference,paired_sign_test,0.16049560081936037,0.17270123186927003,-0.012205631049909708,-0.01214637803516528,0.13321061920721333,42,58,100,no_clear_difference,paired_sign_test,2.764501182450029,2.4640001102897267,0.3005010721603028,0.04324427833206823,1.0,50,50,100,no_clear_difference,paired_sign_test,1.0926620638580524,1.1982124334028346,-0.1055503695447823,-0.10701571595426912,0.0008737198369123723,33,67,100,worse,paired_sign_test
lxt,lxt,kernel_pca_n_components_5,kernel_pca,100,0.011978944974725278,0.01280356381259955,-0.0008246188378742683,-0.0013616770221022176,0.006637120515926126,36,64,100,worse,paired_sign_test,0.14341775294014095,0.17270123186927003,-0.029283478929129147,-0.02378316978622457,7.850139645593671e-05,30,70,100,worse,paired_sign_test,2.114193159273285,2.4640001102897267,-0.34980695101644166,-0.32635664625691785,0.617299413589252,47,53,100,no_clear_difference,paired_sign_test,1.0239478428733269,1.1982124334028346,-0.1742645905295076,-0.17784428075288028,5.636282034205403e-07,25,75,100,worse,paired_sign_test
lxt,lxt,nmf_n_components_1,nmf,100,0.026024772640671393,0.01280356381259955,0.013221208828071838,0.009758569176014802,4.825421503937196e-13,85,15,100,better,paired_sign_test,0.36453967234343876,0.17270123186927003,0.19183844047416865,0.18250822002737754,1.5777218104420236e-30,100,0,100,better,paired_sign_test,5.990087499508968,2.4640001102897267,3.5260873892192404,3.4090917687086337,4.69241261264223e-06,73,27,100,better,paired_sign_test,1.8906132277526337,1.1982124334028346,0.6924007943497987,0.6910490298042796,7.969072864542661e-27,98,2,100,better,paired_sign_test
lxt,lxt,nmf_n_components_3,nmf,100,0.011641348296475961,0.01280356381259955,-0.001162215516123587,-0.0014266773830901493,0.08862608011406758,41,59,100,no_clear_difference,paired_sign_test,0.14071217257500065,0.17270123186927003,-0.031989059294269415,-0.027450897305482468,1.1159089057251951e-09,20,80,100,worse,paired_sign_test,2.159979231574857,2.4640001102897267,-0.3040208787148696,-0.21676210816878316,0.3682016173266962,45,55,100,no_clear_difference,paired_sign_test,1.0131440219666643,1.1982124334028346,-0.1850684114361702,-0.1768047433320701,5.5135807758500534e-08,23,77,100,worse,paired_sign_test
lxt,lxt,nmf_n_components_5,nmf,100,0.010584343752865493,0.01280356381259955,-0.002219220059734054,-0.0015971810832445168,0.012032975725363477,37,63,100,worse,paired_sign_test,0.11066645849519201,0.17270123186927003,-0.062034773374078075,-0.060795316257284925,3.322048979453653e-18,9,91,100,worse,paired_sign_test,1.9137577526740048,2.4640001102897267,-0.5502423576157216,-0.1865935346405947,0.617299413589252,47,53,100,no_clear_difference,paired_sign_test,0.8197391338339675,1.1982124334028346,-0.37847329956886727,-0.3731226982612297,3.063290175437985e-17,10,90,100,worse,paired_sign_test
lxt,lxt,pca_n_components_1,pca,100,0.017325830546287314,0.01280356381259955,0.004522266733687764,0.00545937961217819,1.8100026213029256e-07,76,24,100,better,paired_sign_test,0.2942832029279485,0.17270123186927003,0.12158197105867843,0.12375366507603104,3.208563668244003e-19,92,8,100,better,paired_sign_test,4.816994177657852,2.4640001102897267,2.352994067368124,2.1673791388317225,0.0008737198369123723,67,33,100,better,paired_sign_test,1.699412105685596,1.1982124334028346,0.5011996722827615,0.5464161678715929,3.063290175437985e-17,90,10,100,better,paired_sign_test
lxt,lxt,pca_n_components_3,pca,100,0.013351975751576851,0.01280356381259955,0.0005484119389773016,0.0008111264433772873,0.3682016173266962,55,45,100,no_clear_difference,paired_sign_test,0.1597957418978566,0.17270123186927003,-0.012905489971413471,-0.008916173518358633,0.056887933640980784,40,60,100,no_clear_difference,paired_sign_test,2.844180162179522,2.4640001102897267,0.3801800518897946,0.5487987006259909,0.3682016173266962,55,45,100,no_clear_difference,paired_sign_test,1.150770472259397,1.1982124334028346,-0.04744196114343742,-0.05136097699270814,0.19334790449564246,43,57,100,no_clear_difference,paired_sign_test
lxt,lxt,pca_n_components_5,pca,100,0.011280323917694195,0.01280356381259955,-0.0015232398949053551,-0.0012709865924669344,0.13321061920721333,42,58,100,no_clear_difference,paired_sign_test,0.14351019390639633,0.17270123186927003,-0.02919103796287376,-0.023356928719303775,3.2160015295666335e-05,29,71,100,worse,paired_sign_test,2.296505919148222,2.4640001102897267,-0.16749419114150454,-0.33823366022301926,0.7643534344026668,48,52,100,no_clear_difference,paired_sign_test,1.0156586672468664,1.1982124334028346,-0.1825537661559683,-0.16213117020218804,1.590532847378614e-08,22,78,100,worse,paired_sign_test
saliency,saliency,baseline,baseline,100,0.012049524771140215,0.012049524771140215,0.0,0.0,1.0,0,0,0,no_clear_difference,paired_sign_test,0.14350308263662492,0.14350308263662492,0.0,0.0,1.0,0,0,0,no_clear_difference,paired_sign_test,1.5600768364247497,1.5600768364247497,0.0,0.0,1.0,0,0,0,no_clear_difference,paired_sign_test,1.0111174137320569,1.0111174137320569,0.0,0.0,1.0,0,0,0,no_clear_difference,paired_sign_test
saliency,saliency,factor_analysis_n_components_1,factor_analysis,100,0.012920438760983834,0.012049524771140215,0.0008709139898436197,0.001223995841561079,0.13321061920721333,58,42,100,no_clear_difference,paired_sign_test,0.14105660189683747,0.14350308263662492,-0.002446480739787468,-0.003495369246337268,0.3682016173266962,45,55,100,no_clear_difference,paired_sign_test,2.29534229376382,1.5600768364247497,0.7352654573390706,0.5156944798783643,0.2712530240738347,56,44,100,no_clear_difference,paired_sign_test,0.9619191503910228,1.0111174137320569,-0.04919826334103404,-0.07341086528697316,0.012032975725363477,37,63,100,worse,paired_sign_test
saliency,saliency,factor_analysis_n_components_3,factor_analysis,100,0.00996534280214266,0.012049524771140215,-0.0020841819689975563,-0.0010145370681666332,0.19334790449564246,43,57,100,no_clear_difference,paired_sign_test,0.09621852182883471,0.14350308263662492,-0.04728456080779022,-0.03241980375371357,4.825421503937196e-13,15,85,100,worse,paired_sign_test,1.1729036142340268,1.5600768364247497,-0.38717322219072287,-0.24881756522508547,0.617299413589252,47,53,100,no_clear_difference,paired_sign_test,0.720503313482572,1.0111174137320569,-0.2906141002494849,-0.27447235982027607,2.6059358186561008e-12,16,84,100,worse,paired_sign_test
saliency,saliency,factor_analysis_n_components_5,factor_analysis,100,0.009218692613224153,0.012049524771140215,-0.002830832157916064,-0.0018641313897157937,0.0017899303914868526,34,66,100,worse,paired_sign_test,0.08558495951941532,0.14350308263662492,-0.05791812311720959,-0.04605704528537441,2.005959521923613e-21,6,94,100,worse,paired_sign_test,0.6359473137234452,1.5600768364247497,-0.9241295227013049,-0.5439379495001955,0.13321061920721333,42,58,100,no_clear_difference,paired_sign_test,0.5988137602627455,1.0111174137320569,-0.4123036534693116,-0.4099410122511567,3.208563668244003e-19,8,92,100,worse,paired_sign_test
saliency,saliency,ica_n_components_1,ica,100,0.011255320458391022,0.012049524771140215,-0.0007942043127491944,-0.0004932398503512498,0.3682016173266962,45,55,100,no_clear_difference,paired_sign_test,0.12721623201618246,0.14350308263662492,-0.016286850620442474,-0.011236645546696927,0.08862608011406758,41,59,100,no_clear_difference,paired_sign_test,2.438488623962198,1.5600768364247497,0.8784117875374481,0.42941337181102435,0.2712530240738347,56,44,100,no_clear_difference,paired_sign_test,0.858400617488222,1.0111174137320569,-0.1527167962438348,-0.12910533551120223,0.00018314322488235366,31,69,100,worse,paired_sign_test
saliency,saliency,ica_n_components_3,ica,100,0.009593605866916032,0.012049524771140215,-0.002455918904224186,-0.0008246073650635265,0.020978735677851718,38,62,100,worse,paired_sign_test,0.095548053861304,0.14350308263662492,-0.04795502877532094,-0.03585337901994609,1.3129815522035853e-14,13,87,100,worse,paired_sign_test,0.7113065565281448,1.5600768364247497,-0.8487702798966045,-0.17471779498759532,0.617299413589252,47,53,100,no_clear_difference,paired_sign_test,0.6956958858199214,1.0111174137320569,-0.3154215279121356,-0.27409178487649755,2.5408533354923057e-16,11,89,100,worse,paired_sign_test
saliency,saliency,ica_n_components_5,ica,100,0.008424802338570587,0.012049524771140215,-0.0036247224325696298,-0.0029304647471885977,3.2160015295666335e-05,29,71,100,worse,paired_sign_test,0.08403349048792487,0.14350308263662492,-0.059469592148700075,-0.04686680216090808,6.449688895763542e-24,4,96,100,worse,paired_sign_test,0.16065326393917917,1.5600768364247497,-1.3994235724855708,-0.21393858924021003,0.7643534344026668,48,52,100,no_clear_difference,paired_sign_test,0.5749351556162697,1.0111174137320569,-0.43618225811578726,-0.41107567435088915,1.252324512538536e-22,5,95,100,worse,paired_sign_test
saliency,saliency,kernel_pca_n_components_1,kernel_pca,100,0.010700220819670932,0.012049524771140215,-0.001349303951469287,-0.000818724857197911,0.13321061920721333,42,58,100,no_clear_difference,paired_sign_test,0.13182237342067332,0.14350308263662492,-0.011680709215951603,-0.01076337236887481,0.03520020021770481,39,61,100,worse,paired_sign_test,2.462911455738135,1.5600768364247497,0.9028346193133854,0.29381670341579613,0.617299413589252,53,47,100,no_clear_difference,paired_sign_test,0.8381243521199692,1.0111174137320569,-0.17299306161208772,-0.14995530417167202,1.667362649450101e-06,26,74,100,worse,paired_sign_test
saliency,saliency,kernel_pca_n_components_3,kernel_pca,100,0.011215004908714719,0.012049524771140215,-0.0008345198624254969,-0.0004718959573929262,0.2712530240738347,44,56,100,no_clear_difference,paired_sign_test,0.11952632377660848,0.14350308263662492,-0.023976758860016444,-0.020882772615775473,3.2160015295666335e-05,29,71,100,worse,paired_sign_test,2.2432449224718405,1.5600768364247497,0.683168086047091,0.29408261377741307,0.7643534344026668,52,48,100,no_clear_difference,paired_sign_test,0.854774232516285,1.0111174137320569,-0.15634318121577206,-0.12772071642475497,0.00018314322488235366,31,69,100,worse,paired_sign_test
saliency,saliency,kernel_pca_n_components_5,kernel_pca,100,0.01047534457280357,0.012049524771140215,-0.0015741801983366508,-0.0017170416379557432,0.0008737198369123723,33,67,100,worse,paired_sign_test,0.11419203779894502,0.14350308263662492,-0.029311044837679892,-0.02037220295176733,5.5135807758500534e-08,23,77,100,worse,paired_sign_test,1.8505696100011975,1.5600768364247497,0.2904927735764479,0.1435323760545697,0.9204107626128213,51,49,100,no_clear_difference,paired_sign_test,0.7645564041882426,1.0111174137320569,-0.24656100954381466,-0.2322673881814049,4.337366633421638e-09,21,79,100,worse,paired_sign_test
saliency,saliency,nmf_n_components_1,nmf,100,0.013766325465307577,0.012049524771140215,0.0017168006941673593,0.0010775741793046614,0.48411841360729146,54,46,100,no_clear_difference,paired_sign_test,0.18275751546935623,0.14350308263662492,0.03925443283273134,0.03469308601105603,1.667362649450101e-06,74,26,100,better,paired_sign_test,2.628489106904327,1.5600768364247497,1.0684122704795769,0.42842969725955105,0.48411841360729146,54,46,100,no_clear_difference,paired_sign_test,1.2130481812208176,1.0111174137320569,0.2019307674887606,0.22927956721295684,1.1159089057251951e-09,80,20,100,better,paired_sign_test
saliency,saliency,nmf_n_components_3,nmf,100,0.010626852082861531,0.012049524771140215,-0.0014226726882786865,-0.0010811304315203815,0.056887933640980784,40,60,100,no_clear_difference,paired_sign_test,0.1270720701621319,0.14350308263662492,-0.01643101247449305,-0.012897872625898015,0.006637120515926126,36,64,100,worse,paired_sign_test,1.120052772929172,1.5600768364247497,-0.44002406349557766,-0.22585539832584134,0.7643534344026668,48,52,100,no_clear_difference,paired_sign_test,0.9122579041697931,1.0111174137320569,-0.09885950956226366,-0.06369237680418333,0.012032975725363477,37,63,100,worse,paired_sign_test
saliency,saliency,nmf_n_components_5,nmf,100,0.00946579320708553,0.012049524771140215,-0.002583731564054688,-0.0015899158796770308,0.056887933640980784,40,60,100,no_clear_difference,paired_sign_test,0.10312999929218476,0.14350308263662492,-0.040373083344440175,-0.03372957696575674,6.147806615047977e-11,18,82,100,worse,paired_sign_test,0.7306625977396662,1.5600768364247497,-0.8294142386850838,-0.4353279944277555,0.3682016173266962,45,55,100,no_clear_difference,paired_sign_test,0.7686033534030559,1.0111174137320569,-0.24251406032900108,-0.22777391567581617,2.7027625220487884e-10,19,81,100,worse,paired_sign_test
saliency,saliency,pca_n_components_1,pca,100,0.011152506485393874,0.012049524771140215,-0.0008970182857463455,-0.0014377906561589358,0.03520020021770481,39,61,100,worse,paired_sign_test,0.12387625215752808,0.14350308263662492,-0.019626830479096833,-0.014349066896732321,0.0017899303914868526,34,66,100,worse,paired_sign_test,2.0317696246867847,1.5600768364247497,0.4716927882620353,1.4204320489476332,0.2712530240738347,56,44,100,no_clear_difference,paired_sign_test,0.8444680049339586,1.0111174137320569,-0.16664940879809842,-0.125957731229549,1.2579150016678854e-05,28,72,100,worse,paired_sign_test
saliency,saliency,pca_n_components_3,pca,100,0.010573190656094116,0.012049524771140215,-0.0014763341150460985,-0.0014611605661840413,0.056887933640980784,40,60,100,no_clear_difference,paired_sign_test,0.11839597318228832,0.14350308263662492,-0.025107109454336588,-0.018117589907593032,7.850139645593671e-05,30,70,100,worse,paired_sign_test,1.4626900950052035,1.5600768364247497,-0.09738674141954627,-0.21621417752073113,0.7643534344026668,48,52,100,no_clear_difference,paired_sign_test,0.8043380349910979,1.0111174137320569,-0.20677937874095906,-0.18531878296767595,1.2579150016678854e-05,28,72,100,worse,paired_sign_test
saliency,saliency,pca_n_components_5,pca,100,0.010329488294570803,0.012049524771140215,-0.0017200364765694149,-0.0010314278356653964,0.2712530240738347,44,56,100,no_clear_difference,paired_sign_test,0.11340660937103919,0.14350308263662492,-0.03009647326558573,-0.019940042214824746,1.2579150016678854e-05,28,72,100,worse,paired_sign_test,1.7093374226961586,1.5600768364247497,0.1492605862714095,-0.2666420585200458,0.7643534344026668,48,52,100,no_clear_difference,paired_sign_test,0.7861562840288906,1.0111174137320569,-0.22496112970316612,-0.22378167554140088,2.7027625220487884e-10,19,81,100,worse,paired_sign_test
value_zeroing,value_zeroing,baseline,baseline,100,0.011126372259218227,0.011126372259218227,0.0,0.0,1.0,0,0,0,no_clear_difference,paired_sign_test,0.13023209694824336,0.13023209694824336,0.0,0.0,1.0,0,0,0,no_clear_difference,paired_sign_test,1.5030101441820285,1.5030101441820285,0.0,0.0,1.0,0,0,0,no_clear_difference,paired_sign_test,0.9508688310252579,0.9508688310252579,0.0,0.0,1.0,0,0,0,no_clear_difference,paired_sign_test
value_zeroing,value_zeroing,factor_analysis_n_components_1,factor_analysis,100,0.014968149079343076,0.011126372259218227,0.0038417768201248485,0.0029309095745625666,1.2579150016678854e-05,72,28,100,better,paired_sign_test,0.17784364127048424,0.13023209694824336,0.04761154432224084,0.04547491916717748,1.1159089057251951e-09,80,20,100,better,paired_sign_test,3.9431611673694107,1.5030101441820285,2.4401510231873824,2.236773970844507,0.0008737198369123723,67,33,100,better,paired_sign_test,1.1554499616036304,0.9508688310252579,0.20458113057837266,0.1679074553423449,4.69241261264223e-06,73,27,100,better,paired_sign_test
value_zeroing,value_zeroing,factor_analysis_n_components_3,factor_analysis,100,0.010014605696112481,0.011126372259218227,-0.0011117665631057456,-0.000903117164589416,0.2712530240738347,44,56,100,no_clear_difference,paired_sign_test,0.10115455307785115,0.13023209694824336,-0.029077543870392217,-0.023699201598544092,4.825421503937196e-13,15,85,100,worse,paired_sign_test,1.7992208391139721,1.5030101441820285,0.29621069493194374,-0.2842680244239294,0.48411841360729146,46,54,100,no_clear_difference,paired_sign_test,0.7404417244933547,0.9508688310252579,-0.2104271065319034,-0.18348668578319882,1.8100026213029256e-07,24,76,100,worse,paired_sign_test
value_zeroing,value_zeroing,factor_analysis_n_components_5,factor_analysis,100,0.00908912694437105,0.011126372259218227,-0.002037245314847178,-0.0020994837380091834,0.006637120515926126,36,64,100,worse,paired_sign_test,0.08610826826258888,0.13023209694824336,-0.04412382868565449,-0.03976354031455041,3.322048979453653e-18,9,91,100,worse,paired_sign_test,0.8927797522362922,1.5030101441820285,-0.6102303919457361,-0.35254637509874504,0.2712530240738347,44,56,100,no_clear_difference,paired_sign_test,0.5852080614701027,0.9508688310252579,-0.3656607695551552,-0.3434287547519252,2.5408533354923057e-16,11,89,100,worse,paired_sign_test
value_zeroing,value_zeroing,ica_n_components_1,ica,100,0.011164266614535005,0.011126372259218227,3.789435531677778e-05,-0.00010039436453841092,0.9204107626128213,49,51,100,no_clear_difference,paired_sign_test,0.11425074510234705,0.13023209694824336,-0.015981351845896333,-0.011886348828806646,7.850139645593671e-05,30,70,100,worse,paired_sign_test,2.1422492999689657,1.5030101441820285,0.6392391557869379,0.25506938329838724,0.3682016173266962,55,45,100,no_clear_difference,paired_sign_test,0.7838877327871425,0.9508688310252579,-0.16698109823811552,-0.20536100364239376,7.850139645593671e-05,30,70,100,worse,paired_sign_test
value_zeroing,value_zeroing,ica_n_components_3,ica,100,0.010117380890205342,0.011126372259218227,-0.0010089913690128828,-0.0012676532843980755,0.03520020021770481,39,61,100,worse,paired_sign_test,0.09579476836032969,0.13023209694824336,-0.034437328587913686,-0.0301981580314613,8.284451872080076e-14,14,86,100,worse,paired_sign_test,0.9876974421875109,1.5030101441820285,-0.5153127019945175,-0.2806739899644417,0.617299413589252,47,53,100,no_clear_difference,paired_sign_test,0.7050453373188789,0.9508688310252579,-0.24582349370637918,-0.27840185207257084,4.337366633421638e-09,21,79,100,worse,paired_sign_test
value_zeroing,value_zeroing,ica_n_components_5,ica,100,0.008872375086318694,0.011126372259218227,-0.002253997172899533,-0.0021618991101283176,0.0035176417229701583,35,65,100,worse,paired_sign_test,0.08203600457939045,0.13023209694824336,-0.04819609236885292,-0.03819189524721879,2.630866896130179e-25,3,97,100,worse,paired_sign_test,1.1620244106460387,1.5030101441820285,-0.34098573353598965,-0.32335297857284795,0.48411841360729146,46,54,100,no_clear_difference,paired_sign_test,0.5398688883091289,0.9508688310252579,-0.4109999427161293,-0.3959000867068829,2.005959521923613e-21,6,94,100,worse,paired_sign_test
value_zeroing,value_zeroing,kernel_pca_n_components_1,kernel_pca,100,0.010448295885059694,0.011126372259218227,-0.0006780763741585347,-0.0007065470056609748,0.2712530240738347,44,56,100,no_clear_difference,paired_sign_test,0.11136576039537649,0.13023209694824336,-0.018866336552866868,-0.013830151051524943,7.850139645593671e-05,30,70,100,worse,paired_sign_test,1.665039467053749,1.5030101441820285,0.1620293228717204,0.4195758229376749,0.9204107626128213,51,49,100,no_clear_difference,paired_sign_test,0.7773179241393486,0.9508688310252579,-0.17355090688590935,-0.21082557643714084,1.2579150016678854e-05,28,72,100,worse,paired_sign_test
value_zeroing,value_zeroing,kernel_pca_n_components_3,kernel_pca,100,0.01037318849957105,0.011126372259218227,-0.0007531837596471785,-0.0005778997032944268,0.48411841360729146,46,54,100,no_clear_difference,paired_sign_test,0.10105328311348773,0.13023209694824336,-0.029178813834755638,-0.0243808557667079,4.825421503937196e-13,15,85,100,worse,paired_sign_test,2.141933821441609,1.5030101441820285,0.6389236772595804,0.5278193300356273,0.056887933640980784,60,40,100,no_clear_difference,paired_sign_test,0.6980071044969103,0.9508688310252579,-0.2528617265283478,-0.25769194118575217,4.825421503937196e-13,15,85,100,worse,paired_sign_test
value_zeroing,value_zeroing,kernel_pca_n_components_5,kernel_pca,100,0.009874362989088614,0.011126372259218227,-0.0012520092701296128,-0.0002256954783015899,0.617299413589252,47,53,100,no_clear_difference,paired_sign_test,0.09894626282166674,0.13023209694824336,-0.03128583412657664,-0.026166936516846012,2.7027625220487884e-10,19,81,100,worse,paired_sign_test,0.9799137563778437,1.5030101441820285,-0.5230963878041847,-0.17999477278149434,0.7643534344026668,48,52,100,no_clear_difference,paired_sign_test,0.7047908244204204,0.9508688310252579,-0.2460780066048375,-0.2751362154899386,1.1159089057251951e-09,20,80,100,worse,paired_sign_test
value_zeroing,value_zeroing,nmf_n_components_1,nmf,100,0.017800424278955146,0.011126372259218227,0.006674052019736921,0.00522792450064272,1.8100026213029256e-07,76,24,100,better,paired_sign_test,0.239970082961167,0.13023209694824336,0.10973798601292356,0.11296755601954797,1.5934990285464438e-28,99,1,100,better,paired_sign_test,4.271551579018226,1.5030101441820285,2.768541434836199,2.5775364709713364,0.00018314322488235366,69,31,100,better,paired_sign_test,1.5290240558841839,0.9508688310252579,0.5781552248589257,0.5462669356614025,2.630866896130179e-25,97,3,100,better,paired_sign_test
value_zeroing,value_zeroing,nmf_n_components_3,nmf,100,0.012175967216047058,0.011126372259218227,0.001049594956828836,0.000943802034450855,0.08862608011406758,59,41,100,no_clear_difference,paired_sign_test,0.15103537017888155,0.13023209694824336,0.020803273230638172,0.021341792709443322,3.2160015295666335e-05,71,29,100,better,paired_sign_test,1.6132925973235646,1.5030101441820285,0.11028245314153615,-0.2702555353679668,0.7643534344026668,48,52,100,no_clear_difference,paired_sign_test,1.1218608801412746,0.9508688310252579,0.17099204911601656,0.1671577515121176,1.667362649450101e-06,74,26,100,better,paired_sign_test
value_zeroing,value_zeroing,nmf_n_components_5,nmf,100,0.01075932427988985,0.011126372259218227,-0.0003670479793283763,-0.00018524864220947944,0.617299413589252,47,53,100,no_clear_difference,paired_sign_test,0.11456550722446447,0.13023209694824336,-0.015666589723778917,-0.010278407040161877,0.012032975725363477,37,63,100,worse,paired_sign_test,0.7876877409132759,1.5030101441820285,-0.7153224032687524,0.065809046851252,0.9204107626128213,51,49,100,no_clear_difference,paired_sign_test,0.8732509097097038,0.9508688310252579,-0.07761792131555423,-0.08750069939595806,0.0035176417229701583,35,65,100,worse,paired_sign_test
value_zeroing,value_zeroing,pca_n_components_1,pca,100,0.011635798260980918,0.011126372259218227,0.0005094260017626892,0.0006815223999191537,0.13321061920721333,58,42,100,no_clear_difference,paired_sign_test,0.11855099482348957,0.13023209694824336,-0.011681102124753793,-0.009641208444209334,0.012032975725363477,37,63,100,worse,paired_sign_test,2.2793864719756645,1.5030101441820285,0.7763763277936362,1.680002132883076,0.19334790449564246,57,43,100,no_clear_difference,paired_sign_test,0.8026431804850904,0.9508688310252579,-0.1482256505401677,-0.1441957452424807,0.0004087771674268152,32,68,100,worse,paired_sign_test
value_zeroing,value_zeroing,pca_n_components_3,pca,100,0.010128207664499773,0.011126372259218227,-0.000998164594718454,-0.0007916582885936893,0.3682016173266962,45,55,100,no_clear_difference,paired_sign_test,0.1031863865824154,0.13023209694824336,-0.02704571036582797,-0.0241825856319312,8.284451872080076e-14,14,86,100,worse,paired_sign_test,1.9274662046627702,1.5030101441820285,0.4244560604807417,0.48931009340436415,0.48411841360729146,54,46,100,no_clear_difference,paired_sign_test,0.7129577529803872,0.9508688310252579,-0.2379110780448709,-0.24075414413687962,4.825421503937196e-13,15,85,100,worse,paired_sign_test
value_zeroing,value_zeroing,pca_n_components_5,pca,100,0.00939483805415322,0.011126372259218227,-0.0017315342050650084,-0.0014465707254798289,0.020978735677851718,38,62,100,worse,paired_sign_test,0.09609235550078477,0.13023209694824336,-0.0341397414474586,-0.026156570004009092,2.5408533354923057e-16,11,89,100,worse,paired_sign_test,1.3323197907748072,1.5030101441820285,-0.1706903534072213,-0.05092864073268544,0.9204107626128213,49,51,100,no_clear_difference,paired_sign_test,0.6981351204560313,0.9508688310252579,-0.2527337105692267,-0.2504663478761387,2.6059358186561008e-12,16,84,100,worse,paired_sign_test
